<?xml version="1.0"?>

<!DOCTYPE hibernate-mapping PUBLIC
"-//Hibernate/Hibernate Mapping DTD 3.0//EN"
"http://hibernate.sourceforge.net/hibernate-mapping-3.0.dtd">

<hibernate-mapping>
	<class name="it.unibo.paw.hibernate.TipoAccertamento" table="tipoAccertamento">
		<id name="tipoAccId" column="tipoAccId" />
		<property name="codiceTipoAcc" column="codiceTipoAcc" not-null="true" unique="true" />
		<property name="descrizione" column="descrizione" />

		<set name="ospedali" table="tipoAccertamento_ospedale" inverse="false" lazy="true" fetch="select" cascade="all">
			<key column="tipoAccId" />
			<many-to-many column="ospId" class="it.unibo.paw.hibernate.Ospedale" />
		</set>

		<set name="accertamenti" table="accertamenti" inverse="true" lazy="true" fetch="select">
			<key>
				<column name="tipoAccId" not-null="false" />
			</key>
			<one-to-many class="it.unibo.paw.hibernate.Accertamento" />
		</set>

	</class>
</hibernate-mapping>