<?xml version='1.0' encoding='utf-8'?>
<!DOCTYPE hibernate-configuration PUBLIC
  "-//Hibernate/Hibernate Configuration DTD 3.0//EN"
  "http://hibernate.sourceforge.net/hibernate-configuration-3.0.dtd">

<hibernate-configuration>
	<session-factory>
		<!-- Database connection settings -->
		<property name="connection.driver_class">com.ibm.db2.jcc.DB2Driver</property>
		<property name="connection.url">jdbc:db2://diva.deis.unibo.it:50000/tw_stud</property>

		<property name="connection.username">xxx</property>
		<property name="connection.password">xxx</property>
		<!-- <property name="connection.pool_size">1</property> -->

		<property name="dialect">org.hibernate.dialect.DB2Dialect</property>
		<!-- <property name="dialect">org.hibernate.dialect.HSQLDialect</property> -->
		<!-- <property name="dialect">org.hibernate.dialect.MySQLDialect</property> -->

		<property name="show_sql">true</property>
		<property name="format_sql">true</property>
		
		<!-- Durante l'esame non sarà ammesso l'utlizzo della proprietà 'hbm2ddl.auto' e che consente la creazione automatica dello schema -->
		<!-- <property name="hbm2ddl.auto">create</property> -->

		<mapping resource="it/unibo/paw/hibernate/Accertamento.hbm.xml" />
		<mapping resource="it/unibo/paw/hibernate/Ospedale.hbm.xml" />
		<mapping resource="it/unibo/paw/hibernate/TipoAccertamento.hbm.xml" />

	</session-factory>
</hibernate-configuration>
